{
    "root": {
        "name": {
            "id": "L33417",
            "text": "LCD - Allergy Skin Testing"
        },
        "header": "Coverage Guidance",
        "Coverage Indications, Limitations, and/or Medical Necessity": {
            "para": [
                {
                    "id": "uFWDc2UoAc",
                    "text": "Allergy skin testing is a clinical procedure that is used to evaluate an immunologic response to allergenic material. The need for testing and interpretation of test findings must be correlated with signs and symptoms of possible allergies as determined by a complete history and physical examination of the patient. The number and type of antigens used for testing must be chosen judiciously given the patient\u2019s presentation and the tester\u2019s clinical judgment."
                },
                {
                    "id": "LgPyRLChqk",
                    "text": "Allergy testing is covered when a patient presents with clinically significant allergic history or symptoms that are not controllable by empiric conservative therapy. For Medicare to cover allergy testing, all of the following criteria must be met:",
                    "ul": {
                        "li": [
                            {
                                "condition": "",
                                "para": {
                                    "id": "oHhhi4unV3",
                                    "text": "Testing must correlate specifically to the patient\u2019s history and physical findings"
                                }
                            },
                            {
                                "condition": "",
                                "para": {
                                    "id": "pdl8JRh2-W",
                                    "text": "The test technique and/or allergens tested must have proven efficacy demonstrated through scientifically valid medical studies published in peer-reviewed literature."
                                }
                            },
                            {
                                "condition": "",
                                "para": {
                                    "id": "5HcQJLdOVC",
                                    "text": "Allergy testing must be performed on patients whose environment provides the reasonable probability of exposure to the specific antigen tested."
                                }
                            }
                        ]
                    }
                },
                {
                    "id": "47t8MhdSzo",
                    "text": "Percutaneous testing is the usual preferred method for allergy testing. Medicare covers percutaneous (scratch, prick or puncture) testing when documented IgE-mediated reactions occur to any of the following:",
                    "ul": {
                        "li": [
                            {
                                "condition": "",
                                "para": {
                                    "id": "SX0J7eZoK_",
                                    "text": "Inhalants"
                                }
                            },
                            {
                                "condition": "",
                                "para": {
                                    "id": "Zegs_gpBNR",
                                    "text": "Foods"
                                }
                            },
                            {
                                "condition": "",
                                "para": {
                                    "id": "iKEhusOAqU",
                                    "text": "Hymenoptera (stinging insects)"
                                }
                            },
                            {
                                "condition": "",
                                "para": {
                                    "id": "wYa_s5zAkl",
                                    "text": "Specific drugs (penicillins and macromolecular agents)"
                                }
                            }
                        ]
                    }
                },
                {
                    "id": "JCcCh3Hrgz",
                    "text": "In selected patients, intradermal testing for the same antigen may be necessary to test persons whose percutaneous test was negative. For intradermal testing, the clinician should narrow the area of investigation so that the minimal number of skin tests necessary for diagnosis is performed. Medicare covers intradermal (intracutaneous) testing when documented IgE-mediated reactions occur to any of the following:",
                    "ul": {
                        "li": [
                            {
                                "condition": "",
                                "para": {
                                    "id": "gd1lQQXAO0",
                                    "text": "Inhalants"
                                }
                            },
                            {
                                "condition": "",
                                "para": {
                                    "id": "m6UCyRI4aE",
                                    "text": "Hymenoptera (stinging insects)"
                                }
                            },
                            {
                                "condition": "",
                                "para": {
                                    "id": "zw1_DLMMaX",
                                    "text": "Specific drugs (penicillins and macromolecular agents)"
                                }
                            }
                        ]
                    }
                },
                {
                    "id": "h_9VvcRZ6P",
                    "text": "Retesting with the same antigen(s) should rarely be necessary within a 3-year period. Exceptions include young children with negative skin tests, or older children and adults with negative skin tests in the face of persistent symptoms. Routine repetition of skin tests is not indicated (i.e., annually). If under specific circumstances, extensive repeat testing is required within a 3-year period, those circumstances must be clearly documented in the medical record including an explanation as to why the original testing is unacceptable."
                },
                {
                    "id": "4xGbtAEC3k",
                    "text": "Percutaneous testing for food allergens is covered for patients with a clinical presentation suggestive of significant IgE mediated food allergy. Such patients will have presented with signs and symptoms of such conditions as angioedema, urticaria or anaphylaxis after ingestion of specific foods. Testing for food allergies in patients who present with significant respiratory symptoms alone may be required in certain instances."
                },
                {
                    "id": "H_gq07SKud",
                    "text": "The following allergy testing is non-covered by Medicare:",
                    "ul": {
                        "li": [
                            {
                                "condition": "",
                                "para": {
                                    "id": "qtPDCrLNU1",
                                    "text": "Provocative and neutralization testing and neutralization therapy of food allergies (sublingual, intracutaneous and subcutaneous) are excluded from Medicare coverage because available evidence does not show these tests and therapies are effective"
                                }
                            },
                            {
                                "condition": "",
                                "para": {
                                    "id": "md3bEhJBnv",
                                    "text": "Qualitative multiallergen screens have insufficient literature demonstrating clear-cut clinical utility and are, therefore, non-covered"
                                }
                            },
                            {
                                "condition": "",
                                "para": {
                                    "id": "tSloVYILqp",
                                    "text": "Late reactions occurring with allergenic extracts are of unclear clinical significance and are, therefore, non-covered"
                                }
                            },
                            {
                                "condition": "",
                                "para": {
                                    "id": "DSFlcD5eq6",
                                    "text": "Intradermal testing for food allergens"
                                }
                            },
                            {
                                "condition": "",
                                "para": {
                                    "id": "XfWY8TZFd1",
                                    "text": "Food allergen testing for patients who present with respiratory symptoms other than wheezing and asthma"
                                }
                            },
                            {
                                "condition": "",
                                "para": {
                                    "id": "XAcP4KgXN-",
                                    "text": "Food allergen testing for patients who present with gastrointestinal symptoms suggestive of food intolerance"
                                }
                            },
                            {
                                "condition": "",
                                "para": {
                                    "id": "ePWSFffvZY",
                                    "text": "Skin endpoint testing"
                                }
                            },
                            {
                                "condition": "",
                                "para": {
                                    "id": "8ii7NEBVQz",
                                    "text": "Allergy testing for antigens for which no clinical efficacy is documented in peer-reviewed literature. Such antigens include but are not limited to the following:"
                                },
                                "ul": {
                                    "li": [
                                        {
                                            "condition": "",
                                            "para": {
                                                "id": "oTOn_BRj1x",
                                                "text": "Grain mill dust (pollen grains of cereals/related crops are large; they do not become airborne) Tobacco smoke (no component has ever been shown to be a respiratory allergen)\\n\\nOrris root (almost never used in cosmetics these days; test adds nothing to evaluation)"
                                            }
                                        },
                                        {
                                            "condition": "",
                                            "para": {
                                                "id": "Jj9PfXbytb",
                                                "text": "Dandelion (non-allergenic; no pollen produced)"
                                            }
                                        },
                                        {
                                            "condition": "",
                                            "para": {
                                                "id": "ZH5mQM_LdH",
                                                "text": "Marigold (non-allergenic; no airborne pollen produced)"
                                            }
                                        },
                                        {
                                            "condition": "",
                                            "para": {
                                                "id": "acqbc_VgK8",
                                                "text": "Honeysuckle (non-allergenic;non-significant airborne pollen produced)"
                                            }
                                        }
                                    ]
                                }
                            }
                        ]
                    }
                },
                {
                    "id": "RQHmQXHJwt",
                    "text": "Allergy testing for certain antigens is covered only when performed on patients whose environment provides the reasonable probability of their exposure to antigens tested. Such antigens include, but are not limited to the following:",
                    "ul": {
                        "li": [
                            {
                                "condition": "",
                                "para": {
                                    "id": "RFcmi87BBN",
                                    "text": "Tobacco leaf for tobacco workers"
                                }
                            },
                            {
                                "condition": "",
                                "para": {
                                    "id": "W7ZIp6OHO8",
                                    "text": "Pyrethrum for florists (non-allergenic; found in some insecticides; cross-reacts strongly with ragweed)"
                                }
                            },
                            {
                                "condition": "",
                                "para": {
                                    "id": "UgL_qDqNMz",
                                    "text": "Golden rod for florists (pollen not carried by wind)"
                                }
                            },
                            {
                                "condition": "",
                                "para": {
                                    "id": "qUb6Lc8uI4",
                                    "text": "Soybean dust for workers in food processing plants"
                                }
                            },
                            {
                                "condition": "",
                                "para": {
                                    "id": "-uS26-cBEE",
                                    "text": "Wool for patients exposed to sheep or unprocessed wool (processed wool is non-allergenic)"
                                }
                            }
                        ]
                    }
                }
            ]
        },
        "annotations": {
            "annotation": [
                {
                    "para_ref_id": "H_gq07SKud",
                    "question": {
                        "id": "L33417.1",
                        "text": "Requesting allergy testing for (Select all that apply):",
                        "options": {
                            "option": [
                                {
                                    "id": "a.",
                                    "text": "Provocative and neutralization testing and neutralization therapy of food allergies (sublingual, intracutaneous and subcutaneous)."
                                },
                                {
                                    "id": "b.",
                                    "text": "Qualitative multiallergen screens."
                                },
                                {
                                    "id": "c.",
                                    "text": "Late reactions occurring with allergenic extracts."
                                },
                                {
                                    "id": "d.",
                                    "text": "Intradermal testing for food allergens."
                                },
                                {
                                    "id": "e.",
                                    "text": "Food allergen testing for patients who present with respiratory symptoms other than wheezing and asthma."
                                },
                                {
                                    "id": "f.",
                                    "text": "Food allergen testing for patients who present with gastrointestinal symptoms suggestive of food intolerance."
                                },
                                {
                                    "id": "g",
                                    "text": "Skin endpoint testing."
                                },
                                {
                                    "id": "h.",
                                    "text": "Allergy testing for antigens for which no clinical efficacy is documented in peer-reviewed literature. Such antigens include but are not limited to the following:",
                                    "sub-option": [
                                        {
                                            "id": "o",
                                            "text": "Grain mill dust"
                                        },
                                        {
                                            "id": "o ",
                                            "text": "Tobacco smoke"
                                        },
                                        {
                                            "id": "o",
                                            "text": "Orris root"
                                        },
                                        {
                                            "id": "o ",
                                            "text": "Dandelion"
                                        },
                                        {
                                            "id": " o",
                                            "text": "Marigold"
                                        },
                                        {
                                            "id": "o ",
                                            "text": "Honeysuckle"
                                        }
                                    ]
                                },
                                {
                                    "id": "i.",
                                    "text": "None of the above."
                                }
                            ]
                        },
                        "rules": {
                            "rule": [
                                {
                                    "condition": "If L33417.1.a or L33417.1.b or L33417.1.c or L33417.1.d or L33417.1.e or L33417.1.f or L33417.1.g or L33417.1.h",
                                    "action": " REJECT."
                                },
                                {
                                    "condition": "If L33417.1.i ",
                                    "action": "PROCEED TO L33417.2"
                                }
                            ]
                        }
                    }
                },
                {
                    "para_ref_id": "LgPyRLChqk",
                    "question": {
                        "id": "L33417.2.",
                        "text": "Select all that apply:",
                        "options": {
                            "option": [
                                {
                                    "id": "a.",
                                    "text": "Testing must correlate specifically to the patient\u2019s history and physical findings."
                                },
                                {
                                    "id": "b.",
                                    "text": "The test technique and/or allergens tested must have proven efficacy demonstrated through scientifically valid medical studies published in peer-reviewed literature."
                                },
                                {
                                    "id": "c.",
                                    "text": "Allergy testing must be performed on patients whose environment provides the reasonable probability of exposure to the specific antigen tested."
                                },
                                {
                                    "id": "d.",
                                    "text": "None of the above."
                                }
                            ]
                        },
                        "rules": {
                            "rule": [
                                {
                                    "condition": "If L33417.2.a and L33417.2.b and L33417.2.c",
                                    "action": "PROCEED TO L33417.3"
                                },
                                {
                                    "condition": "If L33417.2.d",
                                    "action": "REJECT."
                                }
                            ]
                        }
                    }
                },
                {
                    "para_ref_id": "h_9VvcRZ6P",
                    "question": {
                        "id": "L33417.3.",
                        "text": "Applying for (any ONE):",
                        "options": {
                            "option": [
                                {
                                    "id": "a",
                                    "text": "Retesting within a 3-year period."
                                },
                                {
                                    "id": "b.",
                                    "text": "Initial testing."
                                }
                            ]
                        },
                        "rules": {
                            "rule": [
                                {
                                    "condition": "If L33417.3.a ",
                                    "action": " PROCEED TO L33417.4"
                                },
                                {
                                    "condition": "If L33417.3.b ",
                                    "action": " PROCEED TO L33417.5"
                                }
                            ]
                        }
                    }
                },
                {
                    "para_ref_id": "h_9VvcRZ6P",
                    "question": {
                        "id": "L33417.4.",
                        "text": "Select all that apply:",
                        "options": {
                            "option": [
                                {
                                    "id": "a.",
                                    "text": "Patient is a young child with negative skin tests."
                                },
                                {
                                    "id": "b.",
                                    "text": "Patient is an older child or adult with negative skin tests in the face of persistent symptoms."
                                },
                                {
                                    "id": "c.",
                                    "text": "None of the above."
                                }
                            ]
                        },
                        "rules": {
                            "rule": [
                                {
                                    "condition": "If L33417.4.a or L33417.4.b",
                                    "action": "PROCEED TO L33417.5"
                                },
                                {
                                    "condition": "If L33417.4.c",
                                    "action": " REJECT."
                                }
                            ]
                        }
                    }
                },
                {
                    "para_ref_id": "4xGbtAEC3k",
                    "question": {
                        "id": "L33417.5.",
                        "text": "Select any ONE:",
                        "options": {
                            "option": [
                                {
                                    "id": "a.",
                                    "text": "Percutaneous testing."
                                },
                                {
                                    "id": "b.",
                                    "text": "Intradermal (intracutaneous) testing."
                                }
                            ]
                        },
                        "rules": {
                            "rule": [
                                {
                                    "condition": "If L33417.5.a",
                                    "action": "PROCEED TO L33417.6"
                                },
                                {
                                    "condition": "If L33417.5.b",
                                    "action": "PROCEED TO L33417.7"
                                }
                            ]
                        }
                    }
                },
                {
                    "para_ref_id": "4xGbtAEC3k",
                    "question": {
                        "id": "L33417.6",
                        "text": "There is a documented IgE-mediated reaction occurred due to (Select all that apply):",
                        "options": {
                            "option": [
                                {
                                    "id": "a.",
                                    "text": "Inhalants"
                                },
                                {
                                    "id": "b.",
                                    "text": "Foods"
                                },
                                {
                                    "id": "c.",
                                    "text": "Hymenoptera (stinging insects)"
                                },
                                {
                                    "id": "d.",
                                    "text": "Specific drugs (penicillins and macromolecular agents)"
                                },
                                {
                                    "id": "e.",
                                    "text": "None of the above."
                                }
                            ]
                        },
                        "rules": {
                            "rule": [
                                {
                                    "condition": "If L33417.6.a or L33417.6.b or L33417.6.c or L33417.6.d ",
                                    "action": "ACCEPT."
                                },
                                {
                                    "condition": "If L33417.6.e ",
                                    "action": "REJECT."
                                }
                            ]
                        }
                    }
                },
                {
                    "para_ref_id": "h_9VvcRZ6P",
                    "question": {
                        "id": "L33417.7.",
                        "text": "There is a documented IgE-mediated reaction occurred due to (Select all that apply):",
                        "options": {
                            "option": [
                                {
                                    "id": "a.",
                                    "text": "Inhalants"
                                },
                                {
                                    "id": "b.",
                                    "text": "Hymenoptera (stinging insects)"
                                },
                                {
                                    "id": "c.",
                                    "text": "Specific drugs (penicillins and macromolecular agents)"
                                },
                                {
                                    "id": "d.",
                                    "text": "None of the above."
                                }
                            ]
                        },
                        "rules": {
                            "rule": [
                                {
                                    "condition": "If L33417.7.a or L33417.7.b or L33417.7.c ",
                                    "action": "ACCEPT."
                                },
                                {
                                    "condition": "If L33417.7.d",
                                    "action": "REJECT."
                                }
                            ]
                        }
                    }
                }
            ]
        }
    }
}